intern_id,intern_role,department,project_quality,mentor_feedback,task_completion_proxy
1,Sales Executive,Sales,3,4,3
2,Research Scientist,Research & Development,4,2,2
4,Laboratory Technician,Research & Development,3,3,2
5,Research Scientist,Research & Development,3,3,3
7,Laboratory Technician,Research & Development,3,2,3
8,Laboratory Technician,Research & Development,3,4,3
10,Laboratory Technician,Research & Development,4,1,4
11,Laboratory Technician,Research & Development,4,3,3
12,Manufacturing Director,Research & Development,4,3,2
13,Healthcare Representative,Research & Development,3,3,3
14,Laboratory Technician,Research & Development,3,2,4
15,Laboratory Technician,Research & Development,3,3,2
16,Research Scientist,Research & Development,3,3,3
18,Laboratory Technician,Research & Development,3,4,3
19,Laboratory Technician,Research & Development,3,3,2
20,Manufacturing Director,Research & Development,3,1,4
21,Research Scientist,Research & Development,3,2,4
22,Laboratory Technician,Research & Development,3,4,4
23,Manager,Sales,3,4,2
24,Research Scientist,Research & Development,3,4,3
26,Manufacturing Director,Research & Development,3,3,4
27,Sales Representative,Sales,4,1,2
28,Research Director,Research & Development,3,2,3
30,Research Scientist,Research & Development,3,4,3
31,Research Scientist,Research & Development,3,1,3
32,Manager,Research & Development,3,3,3
33,Research Scientist,Research & Development,4,1,1
35,Sales Executive,Sales,3,2,3
36,Healthcare Representative,Research & Development,3,4,2
38,Manager,Sales,3,1,3
39,Laboratory Technician,Research & Development,3,4,3
40,Healthcare Representative,Research & Development,3,4,3
41,Laboratory Technician,Research & Development,3,3,2
42,Sales Representative,Sales,3,4,3
45,Research Scientist,Research & Development,3,4,3
46,Research Scientist,Research & Development,3,3,4
47,Sales Representative,Sales,3,3,2
49,Sales Representative,Sales,3,4,3
51,Research Scientist,Research & Development,3,1,2
52,Sales Executive,Sales,3,1,4
53,Laboratory Technician,Research & Development,3,4,3
54,Laboratory Technician,Research & Development,3,1,3
55,Laboratory Technician,Research & Development,3,3,1
56,Sales Executive,Sales,3,3,3
57,Laboratory Technician,Research & Development,4,4,3
58,Research Director,Research & Development,3,3,3
60,Sales Executive,Sales,4,3,3
61,Research Scientist,Research & Development,4,2,3
62,Sales Executive,Sales,4,4,3
63,Laboratory Technician,Research & Development,3,4,4
64,Laboratory Technician,Research & Development,3,3,2
65,Laboratory Technician,Research & Development,3,3,3
68,Sales Executive,Sales,4,1,3
70,Healthcare Representative,Research & Development,3,1,2
72,Sales Executive,Sales,3,4,2
73,Research Director,Research & Development,3,4,3
74,Sales Executive,Sales,4,1,3
75,Laboratory Technician,Research & Development,3,1,3
76,Laboratory Technician,Research & Development,4,4,3
77,Manufacturing Director,Research & Development,3,3,2
78,Manufacturing Director,Research & Development,4,4,3
79,Laboratory Technician,Research & Development,3,4,3
80,Research Director,Research & Development,3,3,2
81,Sales Executive,Sales,3,1,3
83,Healthcare Representative,Research & Development,3,3,3
84,Manager,Research & Development,3,3,3
85,Manufacturing Director,Research & Development,3,2,2
86,Research Scientist,Research & Development,3,1,3
88,Research Scientist,Research & Development,3,1,3
90,Research Scientist,Research & Development,3,3,2
91,Sales Executive,Sales,3,3,2
94,Research Scientist,Research & Development,4,2,3
95,Research Scientist,Research & Development,3,2,3
96,Research Scientist,Research & Development,3,2,3
97,Laboratory Technician,Research & Development,3,4,4
98,Manufacturing Director,Research & Development,4,4,3
100,Sales Executive,Sales,3,1,2
101,Research Director,Research & Development,3,1,3
102,Research Director,Research & Development,3,3,3
103,Human Resources,Human Resources,4,2,3
104,Laboratory Technician,Research & Development,3,4,2
105,Research Scientist,Research & Development,3,3,2
106,Sales Executive,Sales,3,4,3
107,Research Scientist,Research & Development,3,4,1
110,Manufacturing Director,Research & Development,3,2,3
112,Manufacturing Director,Research & Development,3,4,1
113,Sales Representative,Sales,3,1,3
116,Laboratory Technician,Research & Development,4,4,3
117,Healthcare Representative,Research & Development,3,4,2
118,Sales Executive,Sales,3,4,2
119,Healthcare Representative,Research & Development,4,2,2
120,Sales Executive,Sales,4,4,3
121,Sales Executive,Sales,3,2,2
124,Healthcare Representative,Research & Development,3,1,2
125,Sales Executive,Sales,3,3,3
126,Research Director,Research & Development,3,3,3
128,Sales Executive,Sales,4,3,3
129,Sales Executive,Sales,3,3,3
131,Sales Executive,Sales,3,3,3
132,Laboratory Technician,Research & Development,3,2,3
133,Human Resources,Human Resources,4,1,3
134,Research Scientist,Research & Development,3,1,3
137,Laboratory Technician,Research & Development,3,4,2
138,Research Scientist,Research & Development,3,3,3
139,Healthcare Representative,Research & Development,3,4,2
140,Manager,Human Resources,4,4,2
141,Research Director,Research & Development,3,2,3
142,Sales Executive,Sales,3,3,2
143,Research Scientist,Research & Development,3,4,2
144,Laboratory Technician,Research & Development,3,4,3
145,Healthcare Representative,Research & Development,4,1,2
147,Laboratory Technician,Research & Development,4,3,1
148,Manager,Human Resources,3,4,4
150,Laboratory Technician,Research & Development,3,3,3
151,Research Scientist,Research & Development,3,2,2
152,Sales Executive,Sales,3,4,3
153,Manager,Research & Development,3,1,2
154,Sales Executive,Sales,3,4,3
155,Laboratory Technician,Research & Development,4,4,3
158,Manager,Sales,3,4,3
159,Research Scientist,Research & Development,4,3,1
160,Sales Executive,Sales,3,2,3
161,Research Scientist,Research & Development,3,2,3
162,Research Director,Research & Development,3,3,3
163,Sales Executive,Sales,3,3,1
164,Research Scientist,Research & Development,3,2,2
165,Healthcare Representative,Research & Development,3,4,3
167,Sales Representative,Sales,3,3,3
169,Laboratory Technician,Research & Development,3,4,3
170,Manufacturing Director,Research & Development,3,1,3
171,Research Scientist,Research & Development,3,3,4
174,Sales Executive,Sales,3,4,3
175,Sales Executive,Sales,3,3,1
176,Sales Executive,Sales,3,3,3
177,Human Resources,Human Resources,4,3,3
178,Manufacturing Director,Research & Development,4,2,3
179,Manufacturing Director,Research & Development,3,4,1
182,Sales Executive,Sales,3,3,2
183,Sales Executive,Sales,3,3,2
184,Human Resources,Human Resources,3,4,3
190,Laboratory Technician,Research & Development,4,1,3
192,Research Scientist,Research & Development,3,4,3
193,Research Scientist,Research & Development,4,3,3
194,Research Scientist,Research & Development,3,3,3
195,Sales Executive,Sales,3,4,1
197,Research Scientist,Research & Development,3,1,3
198,Laboratory Technician,Research & Development,3,4,2
199,Manager,Research & Development,3,1,2
200,Laboratory Technician,Research & Development,4,1,3
201,Laboratory Technician,Research & Development,3,2,3
202,Research Scientist,Research & Development,3,2,3
204,Sales Executive,Sales,3,2,3
205,Sales Representative,Sales,4,3,3
206,Laboratory Technician,Research & Development,3,2,3
207,Sales Executive,Sales,3,4,3
208,Manufacturing Director,Research & Development,3,3,3
211,Manufacturing Director,Research & Development,3,3,2
214,Research Scientist,Research & Development,4,2,2
215,Sales Executive,Sales,3,4,2
216,Sales Representative,Sales,3,3,3
217,Research Scientist,Research & Development,4,4,3
218,Research Scientist,Research & Development,3,2,3
221,Research Scientist,Research & Development,3,4,3
223,Healthcare Representative,Research & Development,3,4,4
224,Research Scientist,Research & Development,3,3,2
226,Manager,Research & Development,3,2,3
227,Research Scientist,Research & Development,3,3,3
228,Sales Executive,Sales,3,4,3
230,Sales Executive,Sales,4,4,2
231,Research Scientist,Research & Development,4,3,3
233,Research Scientist,Research & Development,3,2,3
235,Sales Representative,Sales,4,1,1
238,Laboratory Technician,Research & Development,3,2,3
239,Laboratory Technician,Research & Development,3,1,3
240,Sales Executive,Sales,3,1,3
241,Research Scientist,Research & Development,3,1,3
242,Research Scientist,Research & Development,3,4,3
243,Laboratory Technician,Research & Development,4,4,2
244,Sales Executive,Sales,4,1,3
245,Laboratory Technician,Research & Development,3,4,3
246,Research Scientist,Research & Development,4,4,3
247,Research Scientist,Research & Development,3,2,3
248,Sales Representative,Sales,4,2,3
249,Laboratory Technician,Research & Development,3,3,2
250,Manufacturing Director,Research & Development,3,1,4
252,Research Scientist,Research & Development,3,2,3
253,Manager,Research & Development,3,3,3
254,Research Director,Research & Development,3,2,4
256,Manufacturing Director,Research & Development,3,3,2
258,Healthcare Representative,Research & Development,3,2,3
259,Manager,Research & Development,3,3,2
260,Research Scientist,Research & Development,3,2,3
261,Manufacturing Director,Research & Development,3,3,2
262,Research Scientist,Research & Development,3,4,4
264,Manager,Research & Development,4,4,2
267,Research Scientist,Research & Development,3,1,4
269,Laboratory Technician,Research & Development,3,2,3
270,Manufacturing Director,Research & Development,3,3,3
271,Manufacturing Director,Research & Development,3,3,3
273,Manufacturing Director,Research & Development,3,4,3
274,Manufacturing Director,Research & Development,3,1,2
275,Manufacturing Director,Research & Development,3,4,3
277,Research Scientist,Research & Development,3,3,3
281,Laboratory Technician,Research & Development,3,4,3
282,Healthcare Representative,Research & Development,3,1,3
283,Sales Executive,Sales,4,4,3
284,Research Scientist,Research & Development,3,2,4
286,Laboratory Technician,Research & Development,3,4,3
287,Healthcare Representative,Research & Development,3,4,2
288,Healthcare Representative,Research & Development,3,1,3
291,Sales Executive,Sales,3,4,1
292,Manufacturing Director,Research & Development,4,3,2
293,Sales Executive,Sales,3,3,3
296,Research Director,Research & Development,3,2,2
297,Research Scientist,Research & Development,3,1,3
298,Manager,Sales,3,4,3
299,Sales Executive,Sales,3,1,2
300,Research Scientist,Research & Development,3,3,3
302,Sales Executive,Sales,3,4,2
303,Sales Executive,Sales,3,1,3
304,Laboratory Technician,Research & Development,3,2,3
305,Research Scientist,Research & Development,4,2,2
306,Research Director,Research & Development,3,4,3
307,Sales Executive,Sales,3,3,3
308,Manufacturing Director,Research & Development,3,3,1
309,Research Scientist,Research & Development,3,4,2
311,Sales Representative,Sales,3,4,3
312,Sales Executive,Sales,3,4,3
314,Sales Executive,Sales,3,3,3
315,Research Scientist,Research & Development,3,4,2
316,Laboratory Technician,Research & Development,3,4,2
319,Manager,Research & Development,3,4,3
321,Human Resources,Human Resources,3,3,3
323,Manager,Sales,3,4,3
325,Laboratory Technician,Research & Development,3,4,3
327,Manager,Sales,4,4,3
328,Laboratory Technician,Research & Development,4,1,3
329,Manager,Sales,3,3,2
330,Sales Representative,Sales,3,2,3
331,Laboratory Technician,Research & Development,3,3,2
332,Laboratory Technician,Research & Development,3,3,3
333,Sales Executive,Sales,3,4,3
334,Research Scientist,Research & Development,3,1,3
335,Research Scientist,Research & Development,3,4,3
336,Manager,Research & Development,3,4,4
337,Research Director,Research & Development,3,3,3
338,Research Scientist,Research & Development,3,4,2
339,Manufacturing Director,Research & Development,3,1,2
340,Research Scientist,Research & Development,3,1,2
341,Manufacturing Director,Research & Development,3,3,4
342,Manufacturing Director,Research & Development,3,3,3
343,Healthcare Representative,Research & Development,4,3,3
346,Research Scientist,Research & Development,3,4,3
347,Research Scientist,Research & Development,3,1,4
349,Sales Executive,Sales,3,4,3
350,Manufacturing Director,Research & Development,3,3,3
351,Laboratory Technician,Research & Development,3,1,2
352,Research Director,Research & Development,3,3,3
353,Research Scientist,Research & Development,3,4,3
355,Laboratory Technician,Research & Development,3,2,2
359,Laboratory Technician,Research & Development,4,2,4
361,Sales Executive,Sales,3,4,2
362,Laboratory Technician,Research & Development,3,1,2
363,Manager,Sales,3,2,1
364,Laboratory Technician,Research & Development,3,3,3
366,Sales Executive,Sales,3,2,2
367,Healthcare Representative,Research & Development,4,4,2
369,Healthcare Representative,Research & Development,3,1,4
372,Healthcare Representative,Research & Development,3,4,3
373,Laboratory Technician,Research & Development,3,4,3
374,Manager,Research & Development,3,1,3
376,Manager,Research & Development,3,2,3
377,Research Scientist,Research & Development,4,4,3
378,Sales Executive,Sales,3,4,3
379,Research Scientist,Research & Development,3,3,2
380,Research Director,Research & Development,3,4,3
381,Manager,Research & Development,3,2,4
382,Sales Executive,Sales,4,1,4
384,Manufacturing Director,Research & Development,4,2,3
385,Research Director,Research & Development,3,2,3
386,Research Director,Research & Development,3,3,3
387,Sales Executive,Sales,4,3,3
388,Sales Executive,Sales,3,4,3
389,Laboratory Technician,Research & Development,3,4,3
390,Healthcare Representative,Research & Development,3,1,3
391,Research Scientist,Research & Development,3,4,3
392,Laboratory Technician,Research & Development,4,3,3
393,Healthcare Representative,Research & Development,3,4,3
394,Laboratory Technician,Research & Development,3,2,3
395,Research Scientist,Research & Development,4,4,3
396,Research Director,Research & Development,3,1,3
397,Research Scientist,Research & Development,3,2,3
399,Sales Representative,Sales,3,2,3
401,Sales Executive,Sales,3,4,2
403,Research Scientist,Research & Development,3,4,3
404,Sales Executive,Sales,3,2,3
405,Laboratory Technician,Research & Development,3,3,3
406,Sales Executive,Sales,3,2,3
407,Laboratory Technician,Research & Development,3,4,4
408,Manufacturing Director,Research & Development,3,2,1
410,Manager,Sales,3,2,3
411,Sales Representative,Sales,3,3,2
412,Healthcare Representative,Research & Development,3,1,4
416,Sales Executive,Sales,3,4,4
417,Healthcare Representative,Research & Development,3,4,4
419,Laboratory Technician,Research & Development,3,2,3
420,Sales Executive,Sales,3,3,2
421,Research Director,Research & Development,3,2,2
422,Healthcare Representative,Research & Development,3,3,1
423,Research Scientist,Research & Development,3,4,3
424,Human Resources,Human Resources,3,1,2
425,Laboratory Technician,Research & Development,3,1,3
426,Research Scientist,Research & Development,3,4,3
428,Manager,Research & Development,3,2,3
429,Manager,Research & Development,3,1,3
430,Laboratory Technician,Research & Development,3,4,3
431,Healthcare Representative,Research & Development,3,3,2
433,Research Scientist,Research & Development,3,2,2
434,Research Scientist,Research & Development,3,2,3
436,Sales Executive,Sales,3,2,2
437,Sales Executive,Sales,3,3,3
438,Sales Executive,Sales,3,4,3
439,Research Scientist,Research & Development,3,4,4
440,Research Scientist,Research & Development,3,4,1
441,Research Scientist,Research & Development,3,4,3
442,Manufacturing Director,Research & Development,4,3,2
444,Manager,Research & Development,3,4,2
445,Sales Executive,Sales,3,3,3
446,Sales Executive,Sales,3,4,2
447,Research Director,Research & Development,3,3,3
448,Laboratory Technician,Research & Development,3,3,2
449,Sales Executive,Sales,3,2,3
450,Research Scientist,Research & Development,3,3,3
451,Healthcare Representative,Research & Development,3,1,3
452,Research Scientist,Research & Development,3,4,3
453,Sales Executive,Sales,4,4,1
454,Laboratory Technician,Research & Development,3,1,1
455,Laboratory Technician,Research & Development,3,4,2
456,Sales Executive,Sales,3,3,2
458,Sales Executive,Sales,3,2,3
460,Manufacturing Director,Research & Development,3,4,3
461,Research Director,Research & Development,3,4,2
462,Manufacturing Director,Research & Development,3,4,3
463,Sales Executive,Sales,3,2,2
464,Manufacturing Director,Research & Development,3,2,3
465,Research Scientist,Research & Development,3,4,3
466,Manufacturing Director,Research & Development,3,2,2
467,Sales Representative,Sales,3,3,3
468,Research Director,Research & Development,3,4,3
469,Sales Executive,Sales,3,3,3
470,Human Resources,Human Resources,3,3,3
471,Laboratory Technician,Research & Development,3,2,3
473,Manager,Sales,4,3,3
474,Research Scientist,Research & Development,3,1,4
475,Sales Executive,Sales,3,3,3
476,Sales Executive,Sales,3,3,3
477,Healthcare Representative,Research & Development,4,4,2
478,Sales Representative,Sales,3,2,2
479,Sales Executive,Sales,3,4,3
481,Sales Executive,Sales,3,4,2
482,Healthcare Representative,Research & Development,3,3,3
483,Laboratory Technician,Research & Development,3,3,4
484,Sales Representative,Sales,4,4,3
485,Sales Representative,Sales,3,3,3
486,Laboratory Technician,Research & Development,4,1,3
487,Manufacturing Director,Research & Development,3,3,3
488,Sales Executive,Sales,3,2,3
491,Healthcare Representative,Research & Development,3,4,2
492,Sales Executive,Sales,3,3,2
493,Research Scientist,Research & Development,3,2,2
494,Sales Representative,Sales,3,2,4
495,Research Scientist,Research & Development,3,4,3
496,Healthcare Representative,Research & Development,3,2,2
497,Laboratory Technician,Research & Development,3,2,3
498,Sales Executive,Sales,3,4,3
499,Healthcare Representative,Research & Development,4,3,2
500,Sales Executive,Sales,3,4,3
501,Research Scientist,Research & Development,3,3,3
502,Sales Executive,Sales,3,4,4
505,Manager,Research & Development,3,4,3
507,Sales Executive,Sales,3,3,3
508,Sales Representative,Sales,3,2,3
510,Research Scientist,Research & Development,4,1,3
511,Research Scientist,Research & Development,3,2,3
513,Sales Executive,Sales,3,3,2
514,Research Scientist,Research & Development,4,4,3
515,Laboratory Technician,Research & Development,3,1,3
516,Sales Executive,Sales,3,2,3
517,Laboratory Technician,Research & Development,3,1,3
518,Manufacturing Director,Research & Development,3,2,3
520,Research Director,Research & Development,3,2,2
521,Laboratory Technician,Research & Development,4,3,2
522,Research Director,Research & Development,3,1,3
523,Sales Executive,Sales,3,3,3
524,Manufacturing Director,Research & Development,3,1,3
525,Laboratory Technician,Research & Development,4,4,3
526,Healthcare Representative,Research & Development,3,3,3
527,Sales Executive,Sales,3,4,2
529,Research Scientist,Research & Development,3,3,3
530,Laboratory Technician,Research & Development,3,1,2
531,Manager,Research & Development,3,3,3
532,Sales Executive,Sales,3,1,4
533,Sales Executive,Sales,3,3,3
534,Sales Executive,Sales,3,1,4
536,Laboratory Technician,Research & Development,3,1,3
538,Laboratory Technician,Research & Development,3,1,3
543,Manufacturing Director,Research & Development,3,3,2
544,Research Scientist,Research & Development,4,4,3
546,Manager,Research & Development,3,4,3
547,Research Scientist,Research & Development,3,3,3
548,Manufacturing Director,Research & Development,4,4,1
549,Manager,Research & Development,3,1,3
550,Manufacturing Director,Research & Development,3,3,3
551,Healthcare Representative,Research & Development,3,4,2
554,Sales Representative,Sales,3,2,3
555,Sales Representative,Sales,3,3,1
556,Laboratory Technician,Research & Development,4,4,3
558,Manager,Sales,3,3,3
560,Research Scientist,Research & Development,4,4,3
562,Laboratory Technician,Research & Development,3,4,3
564,Research Director,Research & Development,3,3,2
565,Research Scientist,Research & Development,3,2,2
566,Human Resources,Human Resources,3,4,2
567,Sales Executive,Sales,3,1,3
568,Manager,Sales,3,4,2
569,Manager,Research & Development,3,3,2
571,Laboratory Technician,Research & Development,3,4,3
573,Sales Executive,Sales,3,1,2
574,Manufacturing Director,Research & Development,3,4,3
575,Research Director,Research & Development,3,3,3
577,Laboratory Technician,Research & Development,3,3,1
578,Laboratory Technician,Research & Development,3,3,3
579,Research Scientist,Research & Development,3,3,2
580,Sales Executive,Sales,3,4,2
581,Manufacturing Director,Research & Development,4,2,3
582,Manager,Research & Development,3,3,3
584,Laboratory Technician,Research & Development,3,4,1
585,Sales Representative,Sales,3,2,3
586,Healthcare Representative,Research & Development,3,3,3
587,Healthcare Representative,Research & Development,3,3,3
590,Human Resources,Human Resources,3,1,3
591,Laboratory Technician,Research & Development,3,3,3
592,Sales Executive,Sales,3,4,3
593,Laboratory Technician,Research & Development,3,3,2
595,Sales Executive,Sales,3,4,3
597,Manager,Sales,4,2,3
599,Sales Executive,Sales,3,4,3
600,Sales Executive,Sales,3,3,3
601,Manufacturing Director,Research & Development,3,3,3
602,Laboratory Technician,Research & Development,3,3,3
604,Sales Executive,Sales,3,4,3
605,Manufacturing Director,Research & Development,4,1,3
606,Sales Executive,Sales,3,2,3
608,Human Resources,Human Resources,3,3,3
611,Manufacturing Director,Research & Development,3,4,3
612,Research Director,Research & Development,3,3,4
613,Manager,Sales,4,4,2
614,Sales Representative,Sales,3,2,3
615,Sales Executive,Sales,3,1,1
616,Healthcare Representative,Research & Development,3,3,2
618,Sales Executive,Sales,3,3,3
620,Sales Executive,Sales,3,3,3
621,Sales Executive,Sales,3,4,4
622,Laboratory Technician,Research & Development,3,4,1
623,Manufacturing Director,Research & Development,3,4,3
624,Healthcare Representative,Research & Development,3,3,3
625,Manager,Sales,3,1,3
626,Sales Executive,Sales,3,2,3
630,Research Scientist,Research & Development,3,1,3
631,Sales Executive,Sales,3,3,4
632,Sales Representative,Sales,3,4,3
634,Healthcare Representative,Research & Development,3,3,3
635,Manufacturing Director,Research & Development,3,2,3
638,Research Director,Research & Development,3,3,2
639,Research Scientist,Research & Development,3,4,4
641,Sales Executive,Sales,4,2,3
643,Laboratory Technician,Research & Development,4,2,2
644,Manager,Human Resources,3,2,3
645,Sales Representative,Sales,3,3,3
647,Laboratory Technician,Research & Development,3,3,3
648,Sales Representative,Sales,3,1,2
649,Research Scientist,Research & Development,3,4,2
650,Sales Executive,Sales,3,1,3
652,Laboratory Technician,Research & Development,3,4,2
653,Sales Executive,Sales,4,4,4
655,Research Scientist,Research & Development,3,3,2
656,Sales Executive,Sales,3,3,3
657,Research Scientist,Research & Development,3,2,2
659,Healthcare Representative,Research & Development,3,4,3
661,Research Director,Research & Development,3,4,2
662,Research Scientist,Research & Development,3,1,3
663,Laboratory Technician,Research & Development,3,3,3
664,Manager,Research & Development,3,1,2
665,Human Resources,Human Resources,3,3,2
666,Sales Representative,Sales,3,3,3
667,Sales Representative,Sales,3,1,3
669,Sales Representative,Sales,3,3,3
671,Manager,Research & Development,3,4,3
675,Research Scientist,Research & Development,4,3,3
677,Sales Executive,Sales,3,3,3
679,Research Scientist,Research & Development,3,4,3
680,Research Scientist,Research & Development,4,3,3
682,Sales Executive,Sales,4,1,3
683,Research Scientist,Research & Development,3,4,3
684,Sales Executive,Sales,3,1,3
686,Laboratory Technician,Research & Development,3,4,3
689,Manufacturing Director,Research & Development,3,3,3
690,Sales Executive,Sales,3,3,3
691,Research Scientist,Research & Development,3,4,1
692,Healthcare Representative,Research & Development,4,4,3
698,Human Resources,Human Resources,3,2,3
699,Manufacturing Director,Research & Development,3,2,2
700,Research Scientist,Research & Development,3,4,2
701,Research Scientist,Research & Development,3,3,3
702,Research Scientist,Research & Development,3,1,3
704,Laboratory Technician,Research & Development,3,3,2
705,Research Scientist,Research & Development,3,1,4
707,Sales Executive,Sales,4,2,4
709,Sales Executive,Sales,4,4,2
710,Research Scientist,Research & Development,3,4,1
712,Sales Executive,Sales,3,2,4
714,Sales Executive,Sales,4,4,4
715,Research Scientist,Research & Development,3,4,4
716,Laboratory Technician,Research & Development,3,3,4
717,Healthcare Representative,Research & Development,3,2,2
720,Sales Executive,Sales,3,3,3
721,Healthcare Representative,Research & Development,3,3,2
722,Sales Executive,Sales,3,4,3
723,Sales Executive,Sales,3,3,3
724,Healthcare Representative,Research & Development,3,4,4
725,Manufacturing Director,Research & Development,3,1,3
727,Research Director,Research & Development,3,4,3
728,Sales Executive,Sales,3,1,3
729,Sales Executive,Sales,4,1,2
730,Research Director,Research & Development,3,3,4
731,Manager,Human Resources,3,4,2
732,Sales Executive,Sales,3,1,3
733,Manufacturing Director,Research & Development,4,1,3
734,Manager,Human Resources,3,3,2
738,Sales Representative,Sales,3,2,3
741,Research Scientist,Research & Development,3,2,1
742,Research Director,Research & Development,3,1,4
743,Manufacturing Director,Research & Development,3,3,3
744,Laboratory Technician,Research & Development,3,3,1
746,Sales Executive,Sales,3,3,3
747,Sales Executive,Sales,4,4,3
749,Sales Representative,Sales,3,3,3
752,Research Scientist,Research & Development,3,3,4
754,Sales Executive,Sales,3,4,2
757,Healthcare Representative,Research & Development,3,3,3
758,Laboratory Technician,Research & Development,3,1,3
760,Human Resources,Human Resources,3,2,4
762,Healthcare Representative,Research & Development,3,4,3
763,Research Scientist,Research & Development,4,4,2
764,Healthcare Representative,Research & Development,3,1,2
766,Sales Representative,Sales,3,2,3
769,Laboratory Technician,Research & Development,3,4,3
771,Healthcare Representative,Research & Development,3,1,3
772,Laboratory Technician,Research & Development,3,4,3
773,Research Scientist,Research & Development,3,3,3
775,Manufacturing Director,Research & Development,3,1,3
776,Manager,Sales,3,1,2
780,Research Scientist,Research & Development,3,4,3
781,Sales Executive,Sales,4,4,3
783,Sales Representative,Sales,3,3,1
784,Research Scientist,Research & Development,3,3,4
785,Sales Executive,Sales,3,3,4
786,Sales Executive,Sales,4,4,3
787,Manager,Research & Development,3,1,3
789,Sales Executive,Sales,3,1,2
791,Research Scientist,Research & Development,3,4,3
792,Laboratory Technician,Research & Development,3,4,1
793,Healthcare Representative,Research & Development,3,3,3
796,Sales Executive,Sales,3,1,2
797,Research Scientist,Research & Development,3,4,4
799,Manufacturing Director,Research & Development,3,1,3
800,Sales Executive,Sales,3,4,3
802,Research Scientist,Research & Development,3,1,3
803,Manufacturing Director,Research & Development,3,1,4
804,Research Scientist,Research & Development,3,1,2
805,Sales Representative,Sales,3,4,3
806,Laboratory Technician,Research & Development,4,3,1
807,Healthcare Representative,Research & Development,4,2,4
808,Sales Executive,Sales,3,1,3
809,Manager,Research & Development,3,4,3
811,Laboratory Technician,Research & Development,4,1,4
812,Laboratory Technician,Research & Development,3,2,2
813,Laboratory Technician,Research & Development,4,3,3
815,Research Director,Research & Development,3,3,3
816,Laboratory Technician,Research & Development,3,1,2
817,Research Director,Research & Development,3,3,3
819,Sales Executive,Sales,3,1,3
820,Manager,Research & Development,3,4,3
823,Manufacturing Director,Research & Development,3,2,3
824,Research Scientist,Research & Development,4,3,4
825,Research Director,Research & Development,3,2,3
826,Research Scientist,Research & Development,3,3,4
827,Manufacturing Director,Research & Development,3,4,2
828,Research Scientist,Research & Development,3,3,3
829,Human Resources,Human Resources,3,2,3
830,Manufacturing Director,Research & Development,3,3,2
832,Laboratory Technician,Research & Development,3,3,2
833,Manufacturing Director,Research & Development,4,4,2
834,Research Scientist,Research & Development,3,3,2
836,Manufacturing Director,Research & Development,3,2,3
837,Healthcare Representative,Research & Development,3,1,2
838,Research Scientist,Research & Development,3,4,2
840,Sales Executive,Sales,3,4,3
842,Sales Executive,Sales,3,4,3
843,Research Director,Research & Development,4,1,3
844,Research Director,Research & Development,3,4,2
845,Manufacturing Director,Research & Development,4,3,3
846,Sales Executive,Sales,4,2,3
847,Human Resources,Human Resources,3,4,3
848,Research Scientist,Research & Development,3,3,2
850,Research Scientist,Research & Development,3,4,3
851,Manager,Sales,3,3,3
852,Healthcare Representative,Research & Development,3,2,3
854,Research Scientist,Research & Development,3,1,4
855,Sales Executive,Sales,4,1,4
856,Research Scientist,Research & Development,3,1,2
857,Sales Executive,Sales,3,4,3
859,Sales Executive,Sales,3,4,3
861,Research Scientist,Research & Development,3,4,2
862,Sales Executive,Sales,3,4,2
864,Sales Executive,Sales,3,1,3
865,Research Scientist,Research & Development,3,3,4
867,Manufacturing Director,Research & Development,4,4,2
868,Sales Executive,Sales,3,3,2
869,Human Resources,Human Resources,3,4,2
872,Manufacturing Director,Research & Development,4,4,2
874,Laboratory Technician,Research & Development,4,4,4
875,Research Scientist,Research & Development,3,4,3
878,Human Resources,Human Resources,4,1,2
879,Sales Executive,Sales,3,1,3
880,Manufacturing Director,Research & Development,4,3,2
881,Research Scientist,Research & Development,3,2,3
882,Laboratory Technician,Research & Development,3,4,3
885,Sales Executive,Sales,3,1,2
887,Research Scientist,Research & Development,3,1,3
888,Laboratory Technician,Research & Development,3,4,2
889,Sales Executive,Sales,3,2,3
893,Sales Representative,Sales,3,2,2
894,Laboratory Technician,Research & Development,3,4,4
895,Research Scientist,Research & Development,3,4,3
896,Sales Representative,Sales,3,3,2
897,Sales Executive,Sales,3,4,3
899,Manufacturing Director,Research & Development,3,2,2
900,Sales Representative,Sales,3,4,3
901,Research Director,Research & Development,3,4,3
902,Healthcare Representative,Research & Development,3,4,3
903,Sales Executive,Sales,4,4,3
904,Sales Executive,Sales,3,2,3
905,Manager,Research & Development,3,1,3
909,Human Resources,Human Resources,3,4,2
910,Human Resources,Human Resources,3,2,3
911,Laboratory Technician,Research & Development,4,4,3
912,Laboratory Technician,Research & Development,3,4,2
913,Research Scientist,Research & Development,3,1,3
916,Sales Executive,Sales,3,4,3
918,Laboratory Technician,Research & Development,3,4,2
920,Manufacturing Director,Research & Development,4,2,3
922,Sales Representative,Sales,3,3,2
923,Research Scientist,Research & Development,3,4,3
924,Healthcare Representative,Research & Development,3,4,3
925,Sales Representative,Sales,3,4,2
926,Manufacturing Director,Research & Development,3,3,3
927,Laboratory Technician,Research & Development,3,4,1
930,Research Scientist,Research & Development,3,3,3
932,Laboratory Technician,Research & Development,4,1,3
933,Research Scientist,Research & Development,3,3,3
934,Laboratory Technician,Research & Development,3,2,3
936,Sales Executive,Sales,3,3,2
939,Research Scientist,Research & Development,3,1,2
940,Healthcare Representative,Research & Development,3,2,2
941,Sales Representative,Sales,3,3,2
942,Healthcare Representative,Research & Development,4,4,3
944,Laboratory Technician,Research & Development,3,2,3
945,Research Scientist,Research & Development,3,3,3
947,Sales Executive,Sales,3,3,3
949,Research Scientist,Research & Development,3,4,3
950,Research Director,Research & Development,3,1,3
951,Laboratory Technician,Research & Development,4,2,2
952,Sales Representative,Sales,3,2,2
954,Sales Executive,Sales,3,2,2
956,Sales Executive,Sales,3,1,2
957,Laboratory Technician,Research & Development,3,1,3
958,Laboratory Technician,Research & Development,4,3,3
959,Sales Representative,Sales,3,2,2
960,Laboratory Technician,Research & Development,3,1,3
961,Healthcare Representative,Research & Development,3,4,3
964,Research Scientist,Research & Development,3,2,3
966,Manufacturing Director,Research & Development,3,1,3
967,Sales Executive,Sales,3,4,2
969,Healthcare Representative,Research & Development,3,4,2
970,Sales Executive,Sales,3,3,2
972,Laboratory Technician,Research & Development,3,2,3
974,Sales Representative,Sales,3,4,3
975,Sales Executive,Sales,3,3,3
976,Manager,Research & Development,3,4,3
977,Research Scientist,Research & Development,4,3,3
981,Manager,Sales,3,3,3
982,Sales Executive,Sales,3,3,3
983,Sales Executive,Sales,3,4,3
984,Sales Executive,Sales,3,4,3
985,Sales Executive,Sales,3,3,4
986,Sales Executive,Sales,3,2,4
987,Manufacturing Director,Research & Development,3,3,4
990,Sales Executive,Sales,3,4,3
991,Research Scientist,Research & Development,4,1,2
992,Manager,Sales,3,3,3
994,Research Scientist,Research & Development,4,1,2
995,Research Scientist,Research & Development,3,4,3
996,Laboratory Technician,Research & Development,3,4,3
997,Research Director,Research & Development,4,4,3
998,Healthcare Representative,Research & Development,3,2,4
999,Research Director,Research & Development,3,3,3
1001,Laboratory Technician,Research & Development,3,2,3
1002,Laboratory Technician,Research & Development,3,1,3
1003,Sales Executive,Sales,3,4,3
1004,Research Scientist,Research & Development,3,3,3
1005,Manufacturing Director,Research & Development,3,3,3
1006,Research Scientist,Research & Development,3,3,3
1007,Manufacturing Director,Research & Development,3,3,3
1009,Manufacturing Director,Research & Development,3,3,2
1010,Laboratory Technician,Research & Development,4,2,2
1011,Manufacturing Director,Research & Development,3,1,3
1012,Research Scientist,Research & Development,3,4,3
1013,Manufacturing Director,Research & Development,3,3,3
1014,Healthcare Representative,Research & Development,3,3,3
1015,Research Director,Research & Development,3,1,4
1016,Research Scientist,Research & Development,3,1,2
1017,Laboratory Technician,Research & Development,3,2,3
1018,Manufacturing Director,Research & Development,3,4,4
1019,Laboratory Technician,Research & Development,3,1,1
1022,Healthcare Representative,Research & Development,3,3,2
1024,Healthcare Representative,Research & Development,3,3,2
1025,Manufacturing Director,Research & Development,3,3,3
1026,Manufacturing Director,Research & Development,3,4,2
1027,Manufacturing Director,Research & Development,3,4,3
1028,Laboratory Technician,Research & Development,4,4,3
1029,Manager,Sales,3,3,3
1030,Laboratory Technician,Research & Development,3,4,3
1032,Manufacturing Director,Research & Development,3,4,2
1033,Healthcare Representative,Research & Development,3,2,1
1034,Healthcare Representative,Research & Development,3,2,3
1035,Research Director,Research & Development,4,3,1
1036,Sales Executive,Sales,3,4,3
1037,Sales Executive,Sales,3,1,1
1038,Manager,Sales,3,4,1
1039,Sales Executive,Sales,3,4,4
1040,Sales Executive,Sales,3,3,3
1042,Laboratory Technician,Research & Development,3,1,4
1043,Manufacturing Director,Research & Development,3,1,3
1044,Sales Representative,Sales,3,4,2
1045,Manager,Sales,3,4,3
1046,Laboratory Technician,Research & Development,3,3,3
1047,Sales Executive,Sales,3,4,4
1048,Manager,Sales,3,4,3
1049,Human Resources,Human Resources,3,2,3
1050,Sales Executive,Sales,3,2,2
1052,Laboratory Technician,Research & Development,3,3,3
1053,Research Scientist,Research & Development,3,1,3
1055,Sales Representative,Sales,3,3,3
1056,Sales Representative,Sales,4,2,3
1060,Research Scientist,Research & Development,3,3,3
1061,Research Director,Research & Development,3,3,3
1062,Healthcare Representative,Research & Development,3,2,3
1066,Sales Executive,Sales,3,1,3
1068,Research Scientist,Research & Development,3,3,2
1069,Research Director,Research & Development,3,4,3
1070,Sales Executive,Sales,3,3,2
1071,Research Scientist,Research & Development,3,3,3
1073,Manufacturing Director,Research & Development,3,4,2
1074,Manager,Research & Development,3,1,2
1076,Sales Executive,Sales,3,4,2
1077,Sales Representative,Sales,3,4,3
1079,Laboratory Technician,Research & Development,3,1,2
1080,Research Scientist,Research & Development,4,1,2
1081,Research Scientist,Research & Development,3,3,3
1082,Healthcare Representative,Research & Development,3,1,2
1083,Laboratory Technician,Research & Development,3,1,2
1084,Manufacturing Director,Research & Development,3,1,3
1085,Research Scientist,Research & Development,3,3,4
1088,Healthcare Representative,Research & Development,3,3,2
1092,Healthcare Representative,Research & Development,4,4,3
1094,Laboratory Technician,Research & Development,3,3,1
1096,Manufacturing Director,Research & Development,3,2,3
1097,Research Scientist,Research & Development,3,3,3
1098,Human Resources,Human Resources,3,1,2
1099,Healthcare Representative,Research & Development,3,4,2
1100,Sales Executive,Sales,4,1,3
1101,Research Scientist,Research & Development,4,3,2
1102,Laboratory Technician,Research & Development,3,3,3
1103,Healthcare Representative,Research & Development,3,4,3
1105,Sales Executive,Sales,3,4,2
1106,Laboratory Technician,Research & Development,3,4,3
1107,Laboratory Technician,Research & Development,4,3,3
1108,Research Scientist,Research & Development,4,2,2
1109,Manager,Research & Development,3,1,3
1111,Laboratory Technician,Research & Development,3,2,2
1113,Sales Executive,Sales,3,3,3
1114,Sales Executive,Sales,3,2,3
1115,Research Scientist,Research & Development,3,4,2
1116,Manager,Research & Development,4,4,4
1117,Sales Executive,Sales,3,3,2
1118,Healthcare Representative,Research & Development,3,2,3
1119,Sales Executive,Sales,3,3,2
1120,Research Scientist,Research & Development,4,4,3
1121,Manufacturing Director,Research & Development,3,2,3
1124,Manager,Sales,3,3,3
1125,Sales Executive,Sales,3,2,3
1126,Manufacturing Director,Research & Development,3,1,3
1127,Healthcare Representative,Research & Development,3,4,3
1128,Research Director,Research & Development,3,3,2
1131,Research Scientist,Research & Development,3,2,2
1132,Laboratory Technician,Research & Development,3,2,3
1133,Manufacturing Director,Research & Development,4,4,3
1135,Sales Representative,Sales,3,4,4
1136,Research Scientist,Research & Development,3,2,2
1137,Sales Executive,Sales,3,4,3
1138,Sales Executive,Sales,3,2,2
1140,Manufacturing Director,Research & Development,3,3,3
1143,Research Scientist,Research & Development,3,2,3
1148,Laboratory Technician,Research & Development,3,4,1
1150,Manufacturing Director,Research & Development,3,4,2
1152,Human Resources,Human Resources,3,3,4
1154,Research Scientist,Research & Development,3,3,2
1156,Laboratory Technician,Research & Development,3,3,3
1157,Sales Executive,Sales,3,1,3
1158,Laboratory Technician,Research & Development,3,4,3
1160,Laboratory Technician,Research & Development,3,3,3
1161,Healthcare Representative,Research & Development,3,4,2
1162,Research Scientist,Research & Development,3,3,2
1163,Sales Executive,Sales,4,3,3
1164,Human Resources,Human Resources,3,3,3
1165,Sales Executive,Sales,3,1,2
1166,Research Director,Research & Development,3,3,3
1167,Sales Executive,Sales,3,1,3
1171,Sales Executive,Sales,3,1,3
1172,Laboratory Technician,Research & Development,3,3,2
1173,Laboratory Technician,Research & Development,4,2,3
1175,Laboratory Technician,Research & Development,3,4,3
1177,Laboratory Technician,Research & Development,4,4,4
1179,Sales Executive,Sales,3,3,2
1180,Research Scientist,Research & Development,3,4,2
1182,Manufacturing Director,Research & Development,3,2,2
1184,Healthcare Representative,Research & Development,4,1,2
1185,Laboratory Technician,Research & Development,3,4,2
1188,Sales Executive,Sales,3,3,1
1190,Sales Representative,Sales,3,1,3
1191,Manager,Research & Development,3,1,3
1192,Laboratory Technician,Research & Development,3,4,3
1193,Research Scientist,Research & Development,4,1,3
1195,Research Scientist,Research & Development,3,3,3
1196,Manufacturing Director,Research & Development,3,4,2
1198,Laboratory Technician,Research & Development,3,3,2
1200,Research Scientist,Research & Development,3,3,3
1201,Manager,Research & Development,3,3,3
1202,Research Scientist,Research & Development,3,4,1
1203,Research Scientist,Research & Development,3,4,2
1204,Manager,Sales,4,1,3
1206,Research Scientist,Research & Development,3,3,1
1207,Human Resources,Human Resources,3,3,3
1210,Research Scientist,Research & Development,3,1,2
1211,Sales Executive,Sales,3,1,3
1212,Sales Executive,Sales,3,2,3
1215,Manager,Research & Development,4,1,3
1216,Laboratory Technician,Research & Development,3,1,2
1217,Research Director,Research & Development,3,2,3
1218,Sales Executive,Sales,3,1,3
1219,Laboratory Technician,Research & Development,3,2,3
1220,Sales Executive,Sales,3,3,3
1221,Laboratory Technician,Research & Development,3,3,1
1224,Laboratory Technician,Research & Development,3,3,3
1225,Research Scientist,Research & Development,4,4,3
1226,Sales Representative,Sales,3,4,4
1228,Manufacturing Director,Research & Development,3,4,3
1231,Human Resources,Human Resources,3,1,4
1233,Sales Executive,Sales,3,4,4
1234,Laboratory Technician,Research & Development,4,2,2
1235,Research Scientist,Research & Development,3,3,3
1237,Manufacturing Director,Research & Development,4,1,1
1238,Research Scientist,Research & Development,3,4,3
1239,Sales Executive,Sales,3,2,2
1240,Sales Executive,Sales,3,4,3
1241,Research Scientist,Research & Development,4,2,3
1242,Research Director,Research & Development,3,1,3
1243,Sales Executive,Sales,3,4,2
1244,Research Scientist,Research & Development,3,1,3
1245,Manufacturing Director,Research & Development,3,3,3
1246,Research Scientist,Research & Development,3,4,4
1248,Research Scientist,Research & Development,4,2,2
1249,Research Scientist,Research & Development,3,4,3
1250,Research Director,Research & Development,3,4,3
1251,Healthcare Representative,Research & Development,3,1,3
1252,Healthcare Representative,Research & Development,3,1,2
1254,Sales Executive,Sales,3,4,2
1255,Research Director,Research & Development,3,4,1
1256,Manager,Research & Development,3,3,2
1257,Research Scientist,Research & Development,3,2,3
1258,Laboratory Technician,Research & Development,3,2,4
1259,Research Scientist,Research & Development,3,3,3
1260,Healthcare Representative,Research & Development,3,4,3
1263,Research Director,Research & Development,3,4,2
1264,Research Director,Research & Development,3,4,2
1265,Research Scientist,Research & Development,3,3,4
1267,Manager,Sales,3,2,3
1268,Sales Executive,Sales,3,3,4
1269,Research Scientist,Research & Development,3,4,4
1270,Research Scientist,Research & Development,4,3,3
1273,Sales Representative,Sales,3,4,1
1275,Research Scientist,Research & Development,4,4,3
1277,Manager,Sales,3,2,1
1278,Healthcare Representative,Research & Development,3,2,2
1279,Laboratory Technician,Research & Development,4,3,2
1280,Manager,Sales,3,2,2
1281,Sales Executive,Sales,3,1,3
1282,Manager,Sales,4,2,3
1283,Manufacturing Director,Research & Development,3,4,3
1285,Laboratory Technician,Research & Development,3,2,3
1286,Laboratory Technician,Research & Development,3,3,3
1288,Manager,Research & Development,3,1,4
1289,Human Resources,Human Resources,3,2,2
1291,Research Scientist,Research & Development,3,3,3
1292,Research Scientist,Research & Development,3,2,4
1293,Sales Executive,Sales,3,4,2
1294,Manufacturing Director,Research & Development,3,2,3
1295,Healthcare Representative,Research & Development,3,4,3
1296,Laboratory Technician,Research & Development,3,4,2
1297,Laboratory Technician,Research & Development,3,3,2
1298,Manufacturing Director,Research & Development,3,3,3
1299,Laboratory Technician,Research & Development,3,3,3
1301,Research Scientist,Research & Development,3,1,3
1303,Research Scientist,Research & Development,3,2,3
1304,Sales Executive,Sales,3,4,4
1306,Manager,Research & Development,4,2,3
1307,Manager,Research & Development,3,2,2
1308,Research Scientist,Research & Development,3,3,3
1309,Laboratory Technician,Research & Development,3,3,3
1310,Research Scientist,Research & Development,3,1,3
1311,Laboratory Technician,Research & Development,3,4,2
1312,Healthcare Representative,Research & Development,3,3,3
1314,Human Resources,Human Resources,3,1,3
1315,Laboratory Technician,Research & Development,3,4,1
1317,Research Director,Research & Development,3,1,3
1318,Sales Executive,Sales,3,2,2
1319,Sales Executive,Sales,3,2,3
1321,Manager,Research & Development,4,1,3
1322,Manufacturing Director,Research & Development,3,3,3
1324,Sales Executive,Sales,3,3,3
1329,Sales Executive,Sales,3,2,1
1331,Sales Representative,Sales,3,2,3
1333,Laboratory Technician,Research & Development,3,1,3
1334,Manager,Research & Development,3,3,3
1336,Manager,Research & Development,3,3,1
1338,Manager,Human Resources,3,2,3
1340,Research Scientist,Research & Development,3,3,3
1344,Healthcare Representative,Research & Development,3,4,3
1346,Research Scientist,Research & Development,3,4,3
1349,Sales Executive,Sales,3,1,3
1350,Research Scientist,Research & Development,3,3,3
1352,Manager,Human Resources,3,2,3
1355,Sales Executive,Sales,3,1,3
1356,Sales Executive,Sales,3,1,3
1358,Laboratory Technician,Research & Development,3,4,3
1360,Manufacturing Director,Research & Development,3,1,2
1361,Laboratory Technician,Research & Development,4,2,3
1362,Sales Executive,Sales,3,1,4
1363,Manufacturing Director,Research & Development,3,4,3
1364,Sales Representative,Sales,3,4,4
1367,Manufacturing Director,Research & Development,3,2,2
1368,Laboratory Technician,Research & Development,3,4,3
1369,Laboratory Technician,Research & Development,3,4,2
1371,Sales Executive,Sales,4,4,1
1372,Sales Executive,Sales,3,3,4
1373,Manufacturing Director,Research & Development,3,2,3
1374,Research Scientist,Research & Development,4,3,2
1375,Healthcare Representative,Research & Development,4,3,4
1377,Laboratory Technician,Research & Development,3,3,3
1379,Sales Representative,Sales,3,4,2
1380,Sales Executive,Sales,3,3,3
1382,Research Scientist,Research & Development,3,3,4
1383,Healthcare Representative,Research & Development,3,4,3
1387,Sales Executive,Sales,3,1,2
1389,Manufacturing Director,Research & Development,3,3,3
1390,Sales Executive,Sales,3,4,2
1391,Sales Executive,Sales,3,2,3
1392,Research Scientist,Research & Development,3,4,3
1394,Research Scientist,Research & Development,3,3,3
1395,Sales Executive,Sales,3,4,3
1396,Sales Executive,Sales,3,2,3
1397,Healthcare Representative,Research & Development,4,3,3
1399,Sales Executive,Sales,3,3,4
1401,Manufacturing Director,Research & Development,3,3,4
1402,Research Scientist,Research & Development,3,3,2
1403,Sales Executive,Sales,3,4,2
1405,Research Scientist,Research & Development,3,3,3
1407,Research Scientist,Research & Development,3,4,2
1408,Manager,Human Resources,3,1,3
1409,Laboratory Technician,Research & Development,3,1,3
1411,Laboratory Technician,Research & Development,3,3,3
1412,Manufacturing Director,Research & Development,3,4,3
1415,Laboratory Technician,Research & Development,3,4,3
1417,Laboratory Technician,Research & Development,3,1,4
1419,Human Resources,Human Resources,3,1,2
1420,Laboratory Technician,Research & Development,4,1,2
1421,Healthcare Representative,Research & Development,3,4,3
1422,Research Director,Research & Development,3,4,3
1423,Research Director,Research & Development,4,1,3
1424,Research Director,Research & Development,3,4,4
1425,Sales Executive,Sales,3,2,3
1427,Sales Representative,Sales,3,3,1
1428,Sales Executive,Sales,3,1,3
1430,Research Director,Research & Development,3,2,3
1431,Research Scientist,Research & Development,3,1,3
1433,Research Scientist,Research & Development,3,2,2
1434,Laboratory Technician,Research & Development,3,1,3
1435,Laboratory Technician,Research & Development,3,4,2
1436,Sales Executive,Sales,3,1,2
1438,Research Scientist,Research & Development,3,4,3
1439,Sales Representative,Sales,3,1,2
1440,Laboratory Technician,Research & Development,3,3,4
1441,Research Scientist,Research & Development,4,1,3
1443,Research Director,Research & Development,3,3,3
1445,Sales Executive,Sales,3,3,3
1446,Sales Executive,Sales,3,4,3
1447,Laboratory Technician,Research & Development,3,2,2
1448,Research Scientist,Research & Development,3,3,4
1449,Laboratory Technician,Research & Development,3,3,3
1453,Sales Executive,Sales,3,4,3
1457,Sales Executive,Sales,3,4,3
1458,Laboratory Technician,Research & Development,4,1,2
1459,Manufacturing Director,Research & Development,3,2,4
1460,Healthcare Representative,Research & Development,3,1,1
1461,Human Resources,Human Resources,3,2,4
1464,Laboratory Technician,Research & Development,3,4,3
1465,Manufacturing Director,Research & Development,3,4,3
1466,Sales Executive,Sales,3,1,3
1467,Human Resources,Human Resources,3,3,3
1468,Research Director,Research & Development,3,2,2
1469,Sales Executive,Sales,3,1,3
1471,Laboratory Technician,Research & Development,3,3,2
1472,Research Director,Research & Development,3,2,4
1473,Healthcare Representative,Research & Development,3,3,3
1474,Research Scientist,Research & Development,3,3,3
1475,Research Scientist,Research & Development,3,2,3
1477,Sales Executive,Sales,3,1,3
1478,Sales Executive,Sales,3,1,1
1479,Sales Executive,Sales,3,3,3
1480,Laboratory Technician,Research & Development,3,4,3
1481,Sales Executive,Sales,3,3,3
1482,Research Scientist,Research & Development,3,3,3
1483,Research Scientist,Research & Development,4,3,4
1484,Healthcare Representative,Research & Development,3,2,3
1485,Research Director,Research & Development,3,1,3
1486,Sales Representative,Sales,3,3,3
1487,Sales Executive,Sales,3,2,3
1489,Sales Executive,Sales,4,2,2
1492,Sales Representative,Sales,3,3,3
1494,Laboratory Technician,Research & Development,3,1,3
1495,Sales Representative,Sales,3,2,3
1496,Manufacturing Director,Research & Development,3,3,3
1497,Sales Executive,Sales,3,3,2
1499,Human Resources,Human Resources,4,3,3
1501,Healthcare Representative,Research & Development,3,3,3
1502,Laboratory Technician,Research & Development,3,2,2
1503,Sales Executive,Sales,3,3,3
1504,Laboratory Technician,Research & Development,3,1,2
1506,Research Scientist,Research & Development,3,3,2
1507,Sales Executive,Sales,3,1,3
1509,Laboratory Technician,Research & Development,4,1,2
1513,Laboratory Technician,Research & Development,3,2,3
1514,Manufacturing Director,Research & Development,3,2,1
1515,Healthcare Representative,Research & Development,3,3,3
1516,Manager,Research & Development,4,4,3
1520,Manager,Research & Development,4,4,3
1522,Research Scientist,Research & Development,3,1,2
1523,Research Director,Research & Development,3,1,3
1525,Manufacturing Director,Research & Development,3,2,3
1527,Manager,Sales,3,2,3
1529,Healthcare Representative,Research & Development,3,2,2
1533,Laboratory Technician,Research & Development,3,3,3
1534,Laboratory Technician,Research & Development,3,1,3
1535,Sales Executive,Sales,3,3,2
1537,Research Scientist,Research & Development,3,3,3
1539,Research Director,Research & Development,3,4,1
1541,Sales Representative,Sales,4,3,3
1542,Laboratory Technician,Research & Development,3,2,2
1543,Research Scientist,Research & Development,3,4,3
1544,Healthcare Representative,Research & Development,3,1,1
1545,Manufacturing Director,Research & Development,3,2,2
1546,Research Scientist,Research & Development,4,4,3
1547,Healthcare Representative,Research & Development,3,4,3
1548,Sales Executive,Sales,3,1,3
1549,Laboratory Technician,Research & Development,3,3,3
1550,Manager,Human Resources,4,4,3
1551,Laboratory Technician,Research & Development,3,1,2
1552,Healthcare Representative,Research & Development,3,4,3
1553,Healthcare Representative,Research & Development,3,2,3
1554,Sales Representative,Sales,4,3,2
1555,Research Scientist,Research & Development,3,2,2
1556,Sales Representative,Sales,4,4,3
1557,Sales Executive,Sales,3,3,3
1558,Research Scientist,Research & Development,3,3,4
1560,Sales Executive,Sales,3,1,3
1562,Sales Executive,Sales,3,1,2
1563,Human Resources,Human Resources,3,3,3
1564,Laboratory Technician,Research & Development,3,1,2
1568,Sales Executive,Sales,3,2,3
1569,Laboratory Technician,Research & Development,3,1,3
1572,Manufacturing Director,Research & Development,3,4,2
1573,Manufacturing Director,Research & Development,3,2,3
1574,Research Scientist,Research & Development,3,1,3
1576,Research Scientist,Research & Development,3,1,3
1577,Research Scientist,Research & Development,3,4,3
1578,Manager,Sales,4,4,2
1580,Research Scientist,Research & Development,3,4,3
1581,Research Scientist,Research & Development,4,4,3
1582,Sales Executive,Sales,3,2,3
1583,Sales Executive,Sales,3,2,3
1585,Sales Executive,Sales,3,3,3
1586,Laboratory Technician,Research & Development,3,1,3
1587,Healthcare Representative,Research & Development,3,3,3
1588,Sales Executive,Sales,3,3,4
1590,Healthcare Representative,Research & Development,3,4,3
1591,Manager,Sales,3,3,3
1592,Research Scientist,Research & Development,3,3,4
1594,Laboratory Technician,Research & Development,3,1,4
1595,Manager,Research & Development,4,4,2
1596,Laboratory Technician,Research & Development,3,3,4
1597,Healthcare Representative,Research & Development,3,3,2
1598,Sales Executive,Sales,3,1,3
1599,Laboratory Technician,Research & Development,3,2,4
1601,Laboratory Technician,Research & Development,3,4,2
1602,Manager,Sales,3,1,4
1604,Laboratory Technician,Research & Development,3,2,3
1605,Research Scientist,Research & Development,3,3,2
1606,Healthcare Representative,Research & Development,3,3,3
1607,Research Scientist,Research & Development,3,4,4
1608,Research Director,Research & Development,3,4,3
1609,Research Scientist,Research & Development,3,2,2
1611,Laboratory Technician,Research & Development,3,1,1
1612,Sales Executive,Sales,3,1,2
1613,Sales Executive,Sales,3,1,3
1614,Manufacturing Director,Research & Development,3,3,3
1615,Manufacturing Director,Research & Development,3,4,4
1617,Laboratory Technician,Research & Development,3,1,3
1618,Manufacturing Director,Research & Development,3,1,3
1619,Laboratory Technician,Research & Development,3,1,2
1621,Research Scientist,Research & Development,3,1,4
1622,Manufacturing Director,Research & Development,4,1,1
1623,Research Scientist,Research & Development,3,4,3
1624,Sales Representative,Sales,3,4,3
1625,Manager,Human Resources,3,3,3
1627,Laboratory Technician,Research & Development,3,3,2
1628,Manufacturing Director,Research & Development,3,3,2
1630,Healthcare Representative,Research & Development,3,3,3
1631,Manufacturing Director,Research & Development,3,3,3
1633,Manufacturing Director,Research & Development,3,3,3
1635,Manufacturing Director,Research & Development,3,4,2
1638,Manufacturing Director,Research & Development,3,3,2
1639,Sales Executive,Sales,3,1,2
1640,Research Scientist,Research & Development,3,2,3
1641,Manufacturing Director,Research & Development,3,4,3
1642,Human Resources,Human Resources,3,4,3
1644,Manager,Research & Development,4,4,2
1645,Sales Executive,Sales,3,4,1
1646,Research Scientist,Research & Development,3,4,3
1647,Research Scientist,Research & Development,3,3,4
1648,Research Scientist,Research & Development,3,4,3
1649,Laboratory Technician,Research & Development,3,1,3
1650,Sales Executive,Sales,3,3,2
1651,Healthcare Representative,Research & Development,3,1,3
1653,Manufacturing Director,Research & Development,3,3,4
1654,Manufacturing Director,Research & Development,4,2,3
1655,Research Director,Research & Development,3,2,3
1656,Research Director,Research & Development,3,1,2
1657,Sales Representative,Sales,3,3,3
1658,Research Scientist,Research & Development,3,2,3
1659,Laboratory Technician,Research & Development,3,2,3
1661,Healthcare Representative,Research & Development,3,3,2
1662,Manufacturing Director,Research & Development,3,3,2
1664,Healthcare Representative,Research & Development,4,1,4
1665,Manager,Research & Development,4,3,3
1666,Research Director,Research & Development,4,3,2
1667,Sales Executive,Sales,4,4,3
1668,Research Scientist,Research & Development,3,4,3
1669,Sales Executive,Sales,3,2,2
1670,Sales Executive,Sales,3,4,3
1671,Research Scientist,Research & Development,3,2,3
1673,Sales Executive,Sales,3,4,3
1674,Laboratory Technician,Research & Development,3,1,3
1675,Laboratory Technician,Research & Development,4,2,2
1676,Manager,Sales,3,2,4
1677,Manager,Research & Development,3,3,3
1678,Sales Executive,Sales,3,3,3
1680,Sales Representative,Sales,3,1,3
1681,Sales Executive,Sales,4,4,3
1682,Healthcare Representative,Research & Development,3,3,3
1683,Human Resources,Human Resources,3,4,3
1684,Laboratory Technician,Research & Development,3,3,2
1687,Laboratory Technician,Research & Development,3,3,3
1689,Healthcare Representative,Research & Development,3,4,4
1691,Sales Representative,Sales,3,3,3
1692,Laboratory Technician,Research & Development,3,2,3
1693,Laboratory Technician,Research & Development,4,4,3
1694,Research Scientist,Research & Development,3,2,2
1696,Laboratory Technician,Research & Development,3,4,2
1697,Healthcare Representative,Research & Development,4,4,1
1698,Laboratory Technician,Research & Development,3,2,4
1700,Sales Executive,Sales,3,4,1
1701,Research Scientist,Research & Development,3,4,2
1702,Sales Representative,Sales,4,4,3
1703,Healthcare Representative,Research & Development,3,4,4
1704,Research Scientist,Research & Development,3,4,2
1706,Sales Executive,Sales,3,4,3
1707,Research Scientist,Research & Development,3,3,4
1708,Sales Executive,Sales,3,3,3
1709,Laboratory Technician,Research & Development,3,3,3
1710,Sales Representative,Sales,3,4,3
1712,Healthcare Representative,Research & Development,4,3,2
1714,Human Resources,Human Resources,3,3,1
1716,Sales Executive,Sales,3,3,1
1718,Laboratory Technician,Research & Development,3,3,1
1719,Research Director,Research & Development,3,2,2
1720,Research Scientist,Research & Development,3,3,3
1721,Laboratory Technician,Research & Development,3,3,3
1722,Human Resources,Human Resources,3,2,1
1724,Manufacturing Director,Research & Development,3,1,3
1725,Laboratory Technician,Research & Development,3,1,3
1727,Healthcare Representative,Research & Development,3,2,3
1728,Manufacturing Director,Research & Development,3,3,3
1729,Research Scientist,Research & Development,3,4,3
1731,Sales Executive,Sales,3,2,3
1732,Sales Executive,Sales,3,4,3
1733,Sales Executive,Sales,3,1,2
1734,Sales Executive,Sales,3,2,1
1735,Laboratory Technician,Research & Development,3,2,3
1736,Manufacturing Director,Research & Development,4,4,3
1737,Laboratory Technician,Research & Development,3,4,3
1739,Sales Executive,Sales,3,3,1
1740,Manager,Sales,3,2,3
1744,Human Resources,Human Resources,4,3,1
1745,Research Scientist,Research & Development,3,1,2
1746,Human Resources,Human Resources,3,4,3
1747,Human Resources,Human Resources,3,4,2
1749,Sales Executive,Sales,3,3,3
1751,Research Scientist,Research & Development,3,4,3
1752,Sales Representative,Sales,3,2,1
1753,Healthcare Representative,Research & Development,3,3,4
1754,Sales Executive,Sales,3,1,2
1755,Research Scientist,Research & Development,3,4,4
1756,Sales Executive,Sales,3,2,3
1757,Sales Executive,Sales,3,4,3
1758,Sales Executive,Sales,4,1,3
1760,Laboratory Technician,Research & Development,3,2,2
1761,Sales Executive,Sales,3,3,3
1762,Research Scientist,Research & Development,3,1,2
1763,Healthcare Representative,Research & Development,3,3,4
1764,Research Scientist,Research & Development,3,2,3
1766,Healthcare Representative,Research & Development,3,4,1
1767,Research Scientist,Research & Development,3,3,2
1768,Laboratory Technician,Research & Development,4,2,3
1770,Research Director,Research & Development,3,1,2
1771,Research Scientist,Research & Development,3,2,3
1772,Laboratory Technician,Research & Development,4,1,3
1774,Sales Executive,Sales,3,3,3
1775,Manufacturing Director,Research & Development,4,3,2
1778,Human Resources,Human Resources,3,4,3
1779,Sales Executive,Sales,3,4,1
1780,Sales Representative,Sales,3,2,3
1782,Laboratory Technician,Research & Development,3,3,2
1783,Laboratory Technician,Research & Development,3,1,3
1784,Sales Executive,Sales,3,4,2
1786,Manager,Research & Development,3,3,3
1787,Sales Executive,Sales,3,2,2
1789,Research Director,Research & Development,3,4,3
1790,Healthcare Representative,Research & Development,3,1,3
1792,Research Scientist,Research & Development,3,2,3
1794,Human Resources,Human Resources,3,2,3
1797,Sales Executive,Sales,3,4,3
1798,Research Scientist,Research & Development,3,1,4
1799,Research Scientist,Research & Development,3,4,3
1800,Research Director,Research & Development,4,3,3
1801,Sales Executive,Sales,3,2,2
1802,Laboratory Technician,Research & Development,3,1,3
1803,Healthcare Representative,Research & Development,3,1,4
1804,Manufacturing Director,Research & Development,3,4,3
1805,Human Resources,Human Resources,3,2,3
1807,Laboratory Technician,Research & Development,3,1,3
1809,Manufacturing Director,Research & Development,3,1,3
1812,Sales Executive,Sales,3,4,3
1813,Research Scientist,Research & Development,3,3,3
1814,Healthcare Representative,Research & Development,3,2,4
1815,Sales Executive,Sales,3,3,3
1816,Manufacturing Director,Research & Development,3,3,3
1818,Human Resources,Human Resources,3,2,3
1821,Healthcare Representative,Research & Development,4,2,3
1822,Healthcare Representative,Research & Development,3,4,3
1823,Sales Executive,Sales,4,3,4
1824,Manager,Sales,4,2,3
1826,Laboratory Technician,Research & Development,3,3,1
1827,Manufacturing Director,Research & Development,3,2,2
1829,Healthcare Representative,Research & Development,3,1,3
1830,Research Scientist,Research & Development,3,4,3
1833,Sales Executive,Sales,3,1,3
1834,Research Scientist,Research & Development,4,1,3
1835,Sales Representative,Sales,4,4,1
1836,Sales Executive,Sales,3,4,3
1837,Research Director,Research & Development,3,3,3
1839,Research Scientist,Research & Development,3,3,3
1842,Human Resources,Human Resources,3,1,4
1844,Human Resources,Human Resources,3,1,2
1845,Sales Executive,Sales,4,3,3
1847,Research Scientist,Research & Development,4,2,3
1849,Sales Executive,Sales,4,4,3
1850,Laboratory Technician,Research & Development,3,4,3
1852,Laboratory Technician,Research & Development,3,4,3
1853,Sales Executive,Sales,3,4,3
1854,Research Scientist,Research & Development,4,3,3
1856,Laboratory Technician,Research & Development,3,3,3
1857,Manufacturing Director,Research & Development,3,4,3
1858,Human Resources,Human Resources,3,4,3
1859,Healthcare Representative,Research & Development,3,3,1
1860,Laboratory Technician,Research & Development,3,3,3
1862,Sales Executive,Sales,3,2,2
1863,Sales Executive,Sales,3,1,4
1864,Sales Representative,Sales,4,3,2
1865,Human Resources,Human Resources,3,2,2
1866,Manager,Research & Development,3,3,2
1867,Research Director,Research & Development,3,2,2
1868,Research Scientist,Research & Development,4,4,2
1869,Sales Executive,Sales,4,2,3
1870,Research Scientist,Research & Development,3,1,2
1871,Research Scientist,Research & Development,3,4,3
1873,Research Scientist,Research & Development,4,4,2
1875,Sales Representative,Sales,3,2,3
1876,Sales Representative,Sales,3,4,3
1878,Research Scientist,Research & Development,4,2,3
1880,Sales Executive,Sales,3,3,2
1881,Laboratory Technician,Research & Development,3,3,3
1882,Sales Executive,Sales,3,4,3
1883,Laboratory Technician,Research & Development,3,1,3
1885,Research Scientist,Research & Development,4,1,3
1886,Manufacturing Director,Research & Development,3,2,2
1888,Manufacturing Director,Research & Development,3,4,2
1890,Human Resources,Human Resources,4,4,2
1892,Manager,Research & Development,3,1,3
1893,Research Scientist,Research & Development,3,3,2
1898,Sales Executive,Sales,3,3,4
1900,Manager,Research & Development,3,4,3
1903,Healthcare Representative,Research & Development,3,1,4
1905,Research Scientist,Research & Development,4,1,1
1907,Laboratory Technician,Research & Development,3,4,3
1908,Sales Executive,Sales,3,2,2
1909,Sales Executive,Sales,4,2,3
1911,Research Director,Research & Development,3,1,3
1912,Sales Executive,Sales,3,4,3
1915,Sales Executive,Sales,3,4,2
1916,Laboratory Technician,Research & Development,3,3,4
1918,Laboratory Technician,Research & Development,3,4,4
1922,Healthcare Representative,Research & Development,3,3,3
1924,Sales Executive,Sales,3,3,3
1927,Sales Executive,Sales,3,4,2
1928,Sales Representative,Sales,3,1,4
1929,Sales Executive,Sales,3,3,1
1931,Research Scientist,Research & Development,3,2,3
1932,Research Scientist,Research & Development,3,4,2
1933,Sales Executive,Sales,3,3,3
1934,Research Scientist,Research & Development,3,2,3
1935,Sales Executive,Sales,3,1,2
1936,Manufacturing Director,Research & Development,4,1,3
1937,Research Scientist,Research & Development,3,2,2
1938,Manager,Sales,3,4,3
1939,Research Scientist,Research & Development,3,3,4
1940,Research Scientist,Research & Development,3,4,3
1941,Research Director,Research & Development,3,4,3
1943,Sales Executive,Sales,3,4,3
1944,Human Resources,Human Resources,3,2,2
1945,Sales Executive,Sales,3,1,3
1947,Research Scientist,Research & Development,3,3,3
1948,Research Scientist,Research & Development,3,1,3
1949,Laboratory Technician,Research & Development,4,2,4
1950,Sales Executive,Sales,4,4,3
1951,Sales Executive,Sales,3,3,3
1952,Laboratory Technician,Research & Development,3,1,3
1954,Healthcare Representative,Research & Development,3,1,3
1955,Healthcare Representative,Research & Development,3,4,3
1956,Research Scientist,Research & Development,4,1,1
1960,Laboratory Technician,Research & Development,3,4,2
1961,Sales Representative,Sales,3,1,2
1962,Sales Executive,Sales,3,4,3
1965,Sales Executive,Sales,3,4,3
1966,Manufacturing Director,Research & Development,4,4,2
1967,Sales Executive,Sales,3,4,3
1968,Sales Executive,Sales,3,1,3
1969,Research Scientist,Research & Development,3,3,3
1970,Healthcare Representative,Research & Development,4,3,3
1971,Healthcare Representative,Research & Development,3,3,3
1972,Human Resources,Human Resources,3,2,3
1973,Manager,Human Resources,3,2,4
1974,Laboratory Technician,Research & Development,3,4,1
1975,Sales Executive,Sales,3,1,3
1976,Research Scientist,Research & Development,3,3,2
1979,Research Director,Research & Development,4,3,3
1980,Manufacturing Director,Research & Development,3,1,3
1981,Healthcare Representative,Research & Development,3,3,2
1982,Laboratory Technician,Research & Development,3,4,3
1985,Laboratory Technician,Research & Development,3,3,3
1986,Sales Executive,Sales,3,2,3
1987,Human Resources,Human Resources,3,2,3
1989,Laboratory Technician,Research & Development,3,2,3
1992,Laboratory Technician,Research & Development,3,3,3
1993,Healthcare Representative,Research & Development,4,3,3
1994,Laboratory Technician,Research & Development,3,3,2
1995,Sales Executive,Sales,3,2,3
1996,Sales Representative,Sales,3,3,3
1997,Manufacturing Director,Research & Development,3,3,2
1998,Research Scientist,Research & Development,3,1,3
1999,Research Scientist,Research & Development,4,4,3
2000,Research Director,Research & Development,3,2,3
2003,Laboratory Technician,Research & Development,3,3,3
2007,Research Scientist,Research & Development,3,3,3
2008,Research Scientist,Research & Development,3,3,3
2009,Healthcare Representative,Research & Development,3,4,3
2010,Laboratory Technician,Research & Development,3,2,2
2012,Laboratory Technician,Research & Development,3,4,3
2013,Sales Representative,Sales,3,2,2
2014,Research Scientist,Research & Development,3,4,3
2015,Research Director,Research & Development,3,3,1
2016,Sales Executive,Sales,3,4,3
2017,Research Director,Research & Development,4,4,4
2018,Sales Executive,Sales,4,3,3
2019,Sales Representative,Sales,3,4,3
2020,Research Scientist,Research & Development,3,4,3
2021,Sales Representative,Sales,3,1,3
2022,Manager,Research & Development,3,4,3
2023,Sales Representative,Sales,3,1,3
2024,Sales Executive,Sales,3,4,2
2025,Manufacturing Director,Research & Development,3,2,3
2026,Healthcare Representative,Research & Development,4,3,3
2027,Research Scientist,Research & Development,3,4,3
2031,Manager,Research & Development,3,3,3
2032,Laboratory Technician,Research & Development,3,3,3
2034,Manufacturing Director,Research & Development,4,2,2
2035,Sales Executive,Sales,4,3,2
2036,Sales Executive,Sales,4,4,1
2037,Sales Executive,Sales,3,2,2
2038,Research Scientist,Research & Development,3,1,3
2040,Human Resources,Human Resources,3,4,3
2041,Sales Executive,Sales,3,4,3
2044,Sales Executive,Sales,3,3,3
2045,Sales Executive,Sales,3,4,2
2046,Sales Executive,Sales,3,3,3
2048,Research Scientist,Research & Development,3,3,2
2049,Healthcare Representative,Research & Development,3,3,3
2051,Research Scientist,Research & Development,3,3,3
2052,Research Scientist,Research & Development,3,4,1
2053,Laboratory Technician,Research & Development,3,2,2
2054,Research Scientist,Research & Development,3,1,2
2055,Sales Executive,Sales,3,1,2
2056,Sales Executive,Sales,3,4,2
2057,Manufacturing Director,Research & Development,3,1,3
2060,Sales Representative,Sales,3,3,2
2061,Laboratory Technician,Research & Development,3,4,4
2062,Healthcare Representative,Research & Development,3,1,2
2064,Manufacturing Director,Research & Development,4,2,4
2065,Sales Executive,Sales,3,2,2
2068,Laboratory Technician,Research & Development,3,3,4
